,AA position,Original,Change,Label,HCM/GnomAD,Functional Domain,Score
0,26,A,V,0,0.0,0,0.7037037037037037
1,52,V,L,0,0.0,0,0.3481481481481481
2,65,Y,H,0,0.0,0,0.0074074074074074
3,110,G,V,0,0.0,1,0.1259259259259259
4,127,P,T,1,0.0,1,0.8814814814814815
5,143,R,P,1,61.85278490461648,1,0.1037037037037037
6,143,R,Q,1,61.85278490461648,1,0.1037037037037037
7,143,R,W,1,61.85278490461648,1,0.1037037037037037
8,146,K,N,1,56.9539855072466,1,0.0814814814814814
9,148,S,R,1,0.0,1,0.6148148148148148
10,163,Q,P,1,0.0,1,0.0074074074074074
11,165,M,I,1,0.0,1,0.8592592592592593
12,169,R,S,1,1059.411814560556,1,0.1333333333333333
13,169,R,G,1,1059.411814560556,1,0.1333333333333333
14,172,Q,E,1,0.0,1,0.8444444444444444
15,193,Q,R,1,0.0,1,0.8222222222222222
16,199,A,T,1,226.3875000000013,1,0.1333333333333333
17,199,A,V,1,226.3875000000013,1,0.1333333333333333
18,200,A,V,1,0.0,1,0.8444444444444444
19,201,I,T,1,0.0,1,0.437037037037037
20,217,E,Q,1,0.0,1,0.8740740740740741
21,219,Q,E,1,529.705907280278,1,0.8740740740740741
22,224,N,I,1,0.0,1,0.8814814814814815
23,239,D,N,1,75.66718426501045,1,0.8222222222222222
24,243,R,C,1,11.976210531197694,1,0.8740740740740741
25,244,F,L,1,0.0,1,0.8592592592592593
26,247,F,L,1,264.852953640139,1,0.8666666666666667
27,249,R,L,1,341.7293478260888,1,0.8592592592592593
28,249,R,Q,1,341.7293478260888,1,0.8592592592592593
29,252,F,C,1,0.0,1,0.8740740740740741
30,254,A,E,1,0.0,1,0.562962962962963
31,256,G,E,1,0.0,1,0.8814814814814815
32,258,L,S,1,0.0,1,0.8444444444444444
33,263,I,T,1,220.68599033816463,1,0.8740740740740741
34,267,L,V,1,264.852953640139,1,0.8962962962962963
35,281,R,T,1,0.0,1,0.925925925925926
36,283,Y,D,1,264.852953640139,1,0.9185185185185184
37,287,Y,C,1,0.0,1,0.8962962962962963
38,291,S,P,1,113.90869565217449,1,0.9185185185185184
39,301,L,R,1,0.0,1,0.8518518518518519
40,302,L,Q,1,0.0,1,0.9111111111111112
41,318,T,P,1,0.0,1,0.6592592592592592
42,320,V,M,1,58.477971014492816,1,0.8814814814814815
43,320,V,E,1,58.477971014492816,1,0.8814814814814815
44,328,E,G,1,0.0,1,0.9185185185185184
45,338,V,M,1,794.5588609204169,1,0.8592592592592593
46,350,Y,N,1,0.0,1,0.9333333333333332
48,351,K,E,1,0.0,1,0.8296296296296296
49,351,K,T,1,0.0,1,0.8296296296296296
47,351,K,N,1,0.0,1,0.8296296296296296
50,355,A,T,1,92.68596014492776,1,0.8518518518518519
51,358,H,L,1,0.0,1,0.9333333333333332
52,362,M,L,0,0.0,1,0.9111111111111112
53,367,K,N,1,0.0,1,0.8666666666666667
54,369,R,Q,1,0.0,1,0.9333333333333332
55,382,D,Y,1,0.0,1,0.8814814814814815
56,384,S,Y,1,0.0,1,0.6444444444444445
57,386,Y,C,1,794.5588609204169,1,0.8666666666666667
58,387,L,F,1,0.0,1,0.8962962962962963
59,394,D,E,1,0.0,1,0.8814814814814815
60,397,K,E,1,0.0,1,0.9111111111111112
61,403,R,Q,1,542.3283499292584,1,0.9333333333333332
62,403,R,W,1,542.3283499292584,1,0.9333333333333332
63,403,R,L,1,542.3283499292584,1,0.9333333333333332
64,403,R,G,1,542.3283499292584,1,0.9333333333333332
65,407,G,C,1,529.705907280278,1,0.9333333333333332
66,407,G,V,1,529.705907280278,1,0.9333333333333332
67,412,T,S,1,0.0,1,0.8814814814814815
68,423,A,T,1,0.0,1,0.674074074074074
69,426,A,V,1,0.0,1,0.9481481481481482
70,428,A,D,1,1059.411814560556,1,0.7111111111111111
71,439,M,R,1,8.122383252818041,1,0.8444444444444444
72,439,M,V,1,8.122383252818041,1,0.8444444444444444
73,440,V,M,1,794.5588609204169,1,0.9555555555555556
74,441,T,M,0,0.0,1,0.437037037037037
75,442,R,L,1,7.902893246564548,1,0.8740740740740741
76,442,R,C,1,7.902893246564548,1,0.8740740740740741
77,444,N,T,1,0.0,1,0.9777777777777776
78,450,K,N,1,0.0,1,0.8740740740740741
82,453,R,C,1,152.53003293473267,1,0.9555555555555556
81,453,R,S,1,152.53003293473267,1,0.9555555555555556
80,453,R,H,1,152.53003293473267,1,0.9555555555555556
79,453,R,L,1,152.53003293473267,1,0.9555555555555556
83,457,I,T,1,26.528192934782787,1,0.9703703703703704
84,467,I,N,1,0.0,1,0.0962962962962963
85,467,I,T,1,0.0,1,0.0962962962962963
86,476,L,F,1,0.0,1,0.8962962962962963
87,479,N,S,1,170.85163043478357,1,0.9333333333333332
88,493,M,T,1,0.0,1,0.9555555555555556
89,493,M,I,1,0.0,1,0.9555555555555556
90,497,E,D,1,88.42663043478271,1,0.0962962962962963
91,510,F,L,1,0.0,1,0.9555555555555556
92,511,I,L,1,264.852953640139,1,0.9555555555555556
93,513,F,C,1,0.0,1,0.9555555555555556
94,515,M,T,1,264.852953640139,1,0.8962962962962963
95,515,M,R,1,264.852953640139,1,0.8962962962962963
96,515,M,I,1,264.852953640139,1,0.8962962962962963
97,517,L,M,1,13.784963768115958,1,0.9555555555555556
98,520,C,F,1,0.0,1,0.9481481481481482
99,524,I,M,1,0.0,1,0.9703703703703704
100,525,E,K,1,0.0,1,0.9481481481481482
101,532,S,P,1,0.0,1,0.9481481481481482
102,535,E,Q,1,0.0,1,0.9185185185185184
103,536,E,D,1,529.705907280278,1,0.9703703703703704
104,537,E,A,1,0.0,1,0.9703703703703704
105,539,M,V,1,0.0,1,0.9185185185185184
106,539,M,L,1,0.0,1,0.9185185185185184
107,540,F,L,1,0.0,1,0.9185185185185184
108,543,A,T,1,0.0,1,0.0962962962962963
109,547,T,I,1,0.0,1,0.9407407407407408
110,571,G,R,1,0.0,1,0.8814814814814815
111,576,H,R,1,8.075255210904679,1,0.9481481481481482
112,584,G,D,1,278.8550792981081,1,0.0962962962962963
113,584,G,S,1,278.8550792981081,1,0.0962962962962963
114,584,G,R,1,278.8550792981081,1,0.0962962962962963
115,584,G,C,1,278.8550792981081,1,0.0962962962962963
116,584,G,V,1,278.8550792981081,1,0.0962962962962963
117,587,D,H,1,264.852953640139,1,0.8296296296296296
118,597,N,K,1,0.0,1,0.0962962962962963
119,600,P,S,1,0.0,1,0.9851851851851852
120,601,L,F,1,529.705907280278,1,0.9703703703703704
121,601,L,V,1,529.705907280278,1,0.9703703703703704
122,602,N,K,1,0.0,1,0.9703703703703704
123,604,T,A,1,0.0,1,0.8962962962962963
124,606,V,M,1,347.2275815217393,1,0.0962962962962963
125,609,Y,C,1,0.0,1,0.0888888888888888
126,615,K,T,1,0.0,1,0.9333333333333332
127,620,L,P,1,0.0,1,0.8592592592592593
128,641,G,A,1,0.0,1,0.9333333333333332
129,649,A,V,1,0.0,1,0.8518518518518519
130,651,H,P,1,0.0,1,0.9185185185185184
132,652,R,K,1,23.56878019323675,1,0.0962962962962963
131,652,R,G,1,23.56878019323675,1,0.0962962962962963
133,655,L,M,1,0.0,1,0.9555555555555556
134,657,K,Q,1,56.9534420289858,1,0.8592592592592593
135,660,T,N,1,56.95380434782637,1,0.8740740740740741
136,663,R,C,1,438.9823880234767,1,0.1333333333333333
137,663,R,S,1,438.9823880234767,1,0.1333333333333333
138,663,R,H,1,438.9823880234767,1,0.1333333333333333
139,666,H,Q,1,0.0,1,0.8814814814814815
140,671,R,P,1,52.96669565131755,1,0.9555555555555556
141,673,I,S,1,0.0,1,0.1185185185185185
142,684,M,R,1,9.491576086956528,1,0.725925925925926
143,689,V,L,0,0.0,1,0.9111111111111112
144,694,R,H,1,48.73427363575418,1,0.0888888888888888
145,696,N,Y,1,264.852953640139,1,0.9407407407407408
146,696,N,H,1,264.852953640139,1,0.9407407407407408
147,696,N,S,1,264.852953640139,1,0.9407407407407408
148,702,I,N,1,264.852953640139,1,0.9407407407407408
149,702,I,V,1,264.852953640139,1,0.9407407407407408
150,705,C,Y,1,0.0,1,0.9407407407407408
151,708,G,A,1,18.91617494824017,1,0.9481481481481482
152,710,P,S,1,529.705907280278,1,0.9407407407407408
153,710,P,A,1,529.705907280278,1,0.9407407407407408
154,710,P,H,1,529.705907280278,1,0.9407407407407408
155,712,R,G,1,0.0,1,0.9407407407407408
156,712,R,C,1,0.0,1,0.9407407407407408
157,712,R,S,1,0.0,1,0.9407407407407408
158,716,G,W,1,3443.088397321807,1,0.8666666666666667
159,716,G,R,1,3443.088397321807,1,0.8666666666666667
160,717,D,A,1,0.0,1,0.925925925925926
162,719,R,Q,1,395.95144927536256,1,0.5777777777777777
161,719,R,W,1,395.95144927536256,1,0.5777777777777777
163,719,R,P,1,395.95144927536256,1,0.5777777777777777
165,723,R,G,1,14.618010869435912,1,0.8962962962962963
164,723,R,C,1,14.618010869435912,1,0.8962962962962963
166,725,L,P,1,0.0,1,0.9407407407407408
167,730,I,T,1,0.0,1,0.1333333333333333
168,730,I,N,1,0.0,1,0.1333333333333333
169,731,P,T,1,529.705907280278,1,0.8962962962962963
170,731,P,L,1,529.705907280278,1,0.8962962962962963
171,731,P,S,1,529.705907280278,1,0.8962962962962963
172,731,P,R,1,529.705907280278,1,0.8962962962962963
173,733,G,V,1,264.79492753623305,1,0.9185185185185184
175,734,Q,E,1,0.0,1,0.8962962962962963
174,734,Q,P,1,0.0,1,0.8962962962962963
176,736,I,T,1,130.20833594743075,1,0.1185185185185185
177,741,G,R,1,97.78759470795949,1,0.6962962962962963
178,741,G,W,1,97.78759470795949,1,0.6962962962962963
179,741,G,E,1,97.78759470795949,1,0.6962962962962963
180,749,L,Q,1,264.852953640139,1,0.8814814814814815
181,764,F,Y,1,0.0,1,0.9555555555555556
182,764,F,L,1,0.0,1,0.9555555555555556
183,768,G,R,1,341.72500000000133,1,0.9555555555555556
184,775,E,K,1,0.0,1,0.9111111111111112
188,778,D,H,1,41.338043478260914,1,0.9555555555555556
187,778,D,V,1,41.338043478260914,1,0.9555555555555556
185,778,D,G,1,41.338043478260914,1,0.9555555555555556
186,778,D,E,1,41.338043478260914,1,0.9555555555555556
189,782,S,R,1,529.705907280278,0,0.0074074074074074
190,782,S,N,1,529.705907280278,0,0.0074074074074074
191,783,R,G,1,0.0,0,0.0592592592592592
192,783,R,P,1,0.0,0,0.0592592592592592
193,787,R,H,0,0.0,0,0.6074074074074074
194,797,A,T,1,55.86728971740464,0,0.2
195,797,A,P,1,55.86728971740464,0,0.2
196,804,L,P,1,0.0,0,0.4592592592592592
197,807,R,P,1,0.0,0,0.8666666666666667
198,820,A,D,1,0.0,0,0.8222222222222222
199,822,M,V,1,264.852953640139,0,0.0888888888888888
200,822,M,T,1,264.852953640139,0,0.0888888888888888
201,826,N,K,1,0.0,0,0.8814814814814815
202,827,W,S,1,13.797644927536249,0,0.8740740740740741
203,832,L,P,1,0.0,0,0.8814814814814815
204,834,F,L,1,264.852953640139,0,0.8666666666666667
205,835,K,T,1,0.0,0,0.9185185185185184
206,837,K,R,1,0.0,0,0.925925925925926
207,838,P,L,1,0.0,0,0.925925925925926
208,838,P,Q,1,0.0,0,0.925925925925926
209,840,L,P,1,0.0,1,0.9185185185185184
210,840,L,M,1,0.0,1,0.9185185185185184
211,842,S,G,1,0.0,1,0.8296296296296296
212,843,A,T,1,0.0,1,0.8740740740740741
213,847,K,E,1,150.9253623179712,1,0.8666666666666667
214,848,E,G,1,75.46286231884088,1,0.9111111111111112
215,849,M,T,1,35.26681740328193,1,0.1185185185185185
218,852,M,K,1,17.39615020399112,1,0.8592592592592593
216,852,M,T,1,17.39615020399112,1,0.8592592592592593
217,852,M,R,1,17.39615020399112,1,0.8592592592592593
219,858,R,C,1,11.069543597315858,1,0.4888888888888889
220,858,R,P,1,11.069543597315858,1,0.4888888888888889
221,859,L,P,1,0.0,1,0.6444444444444445
222,865,K,E,1,13.627343845589367,1,0.0888888888888888
223,865,K,R,1,13.627343845589367,1,0.0888888888888888
224,868,A,P,1,198.6263586956524,1,0.7333333333333333
226,869,R,C,1,66.0318131367249,1,0.8814814814814815
227,869,R,P,1,66.0318131367249,1,0.8814814814814815
225,869,R,H,1,66.0318131367249,1,0.8814814814814815
228,870,R,C,1,42.13921771805655,1,0.8666666666666667
229,870,R,H,1,42.13921771805655,1,0.8666666666666667
230,870,R,L,1,42.13921771805655,1,0.8666666666666667
231,870,R,P,1,42.13921771805655,1,0.8666666666666667
232,877,M,T,1,0.0,1,0.725925925925926
233,877,M,I,1,0.0,1,0.725925925925926
234,877,M,K,1,0.0,1,0.725925925925926
235,878,V,A,1,264.852953640139,1,0.8740740740740741
236,881,L,R,1,0.0,1,0.1407407407407407
237,882,Q,E,1,13.784601449275376,1,0.8814814814814815
238,889,L,Q,1,0.0,1,0.1259259259259259
239,894,E,G,1,32.87922085525986,1,0.8518518518518519
240,896,D,N,1,0.0,1,0.8740740740740741
241,900,D,N,1,529.705907280278,1,0.9037037037037036
242,903,E,Q,1,132.41684782608712,1,0.8592592592592593
245,904,R,H,1,0.0,1,0.925925925925926
246,904,R,G,1,0.0,1,0.925925925925926
243,904,R,C,1,0.0,1,0.925925925925926
244,904,R,P,1,0.0,1,0.925925925925926
247,904,R,L,1,0.0,1,0.925925925925926
248,905,C,F,1,56.95434782608724,1,0.8814814814814815
249,906,D,G,1,52.399079518874,1,0.6074074074074074
250,908,L,V,1,731.0253623188413,1,0.9333333333333332
251,912,K,Q,1,0.0,1,0.9185185185185184
252,915,L,P,1,529.705907280278,1,0.8444444444444444
253,921,E,K,1,56.95507246376822,1,0.8962962962962963
254,924,E,K,1,124.1103260869566,1,0.8962962962962963
255,924,E,G,1,124.1103260869566,1,0.8962962962962963
256,925,R,G,1,0.0,1,0.9037037037037036
257,927,E,K,1,2383.6765827612508,1,0.8962962962962963
258,928,D,N,1,188.6571557971022,1,0.8518518518518519
259,930,E,K,1,2648.52953640139,1,0.9185185185185184
260,930,E,Q,1,2648.52953640139,1,0.9185185185185184
261,931,E,K,1,75.46286231884088,1,0.9111111111111112
262,935,E,K,1,0.0,1,0.1333333333333333
263,941,R,P,1,0.0,1,0.0888888888888888
264,949,E,K,1,7.321798982208282,1,0.8666666666666667
265,953,D,H,1,28.477355072175737,1,0.8592592592592593
266,965,E,K,1,14.71290257648955,1,0.9111111111111112
267,982,M,T,0,0.0,1,0.1185185185185185
268,1030,Q,H,0,0.0,1,0.1333333333333333
269,1038,L,P,1,0.0,1,0.837037037037037
270,1040,Q,R,1,0.0,1,0.1407407407407407
271,1045,R,L,1,9.467222210480838,1,0.8666666666666667
272,1053,R,Q,1,8.304560766647674,1,0.8444444444444444
273,1055,L,M,1,0.0,1,0.1333333333333333
274,1057,G,S,1,38.98415458937199,1,0.8592592592592593
275,1096,D,Y,0,0.0,1,0.8518518518518519
276,1120,E,K,1,264.852953640139,1,0.8518518518518519
277,1128,A,T,0,0.0,1,0.0888888888888888
278,1193,R,H,1,0.0,1,0.8592592592592593
279,1199,S,R,1,0.0,1,0.0074074074074074
280,1257,N,S,0,0.0,1,0.6370370370370371
281,1327,N,K,0,0.0,1,0.725925925925926
282,1331,H,D,1,0.0,1,0.0962962962962963
283,1350,E,K,1,0.0,1,0.1259259259259259
284,1356,E,K,1,365.39356884058026,1,0.1111111111111111
285,1365,N,D,1,0.0,1,0.1333333333333333
286,1377,T,M,1,183.78090579710164,1,0.0814814814814814
287,1379,A,T,1,148.75030193236728,1,0.6962962962962963
288,1379,A,S,1,148.75030193236728,1,0.6962962962962963
289,1420,R,W,1,22.79344974045143,1,0.1333333333333333
290,1434,R,P,1,0.0,1,0.1111111111111111
291,1434,R,G,1,0.0,1,0.1111111111111111
292,1451,K,E,1,0.0,1,0.1259259259259259
293,1453,L,P,1,0.0,1,0.725925925925926
294,1459,K,N,0,0.0,1,0.1259259259259259
295,1481,L,P,1,0.0,1,0.1037037037037037
296,1491,S,C,0,0.0,1,0.7037037037037037
297,1496,E,K,1,14.147173913043488,1,0.1259259259259259
299,1500,R,W,1,0.0,1,0.0814814814814814
298,1500,R,P,1,0.0,1,0.0814814814814814
300,1555,E,G,1,0.0,1,0.1185185185185185
301,1560,R,P,1,0.0,1,0.1185185185185185
302,1591,L,P,1,0.0,1,0.4888888888888889
303,1597,L,P,1,0.0,1,0.7333333333333333
304,1598,Q,P,1,0.0,1,0.1111111111111111
305,1599,T,P,1,0.0,1,0.0518518518518518
306,1603,A,P,1,0.0,1,0.6296296296296297
307,1608,R,P,1,0.0,1,0.0888888888888888
308,1612,L,P,1,0.0,1,0.0888888888888888
309,1629,L,P,1,0.0,1,0.1259259259259259
310,1636,A,P,1,0.0,1,0.725925925925926
311,1637,A,T,0,0.0,1,0.6444444444444445
312,1646,L,P,1,0.0,1,0.5481481481481482
313,1712,R,W,1,57.54229322469205,1,0.0888888888888888
314,1712,R,Q,1,57.54229322469205,1,0.0888888888888888
315,1752,E,K,1,0.0,1,0.1407407407407407
316,1760,T,R,1,0.0,1,0.0074074074074074
317,1781,R,L,1,12.532695638709114,1,0.1111111111111111
318,1787,E,Q,1,0.0,1,0.1333333333333333
319,1793,L,P,1,0.0,1,0.1259259259259259
320,1794,Q,K,1,529.705907280278,1,0.1259259259259259
321,1800,A,P,1,0.0,1,0.1333333333333333
322,1801,E,K,1,0.0,1,0.1333333333333333
323,1805,L,P,1,0.0,1,0.5481481481481482
324,1865,Q,P,1,0.0,1,0.1111111111111111
325,1879,K,R,1,0.0,1,0.1333333333333333
326,1901,H,L,1,0.0,1,0.0814814814814814
327,1902,E,Q,0,0.0,1,0.0962962962962963
328,1906,A,G,1,0.0,1,0.1111111111111111
329,1914,E,K,1,0.0,1,0.1111111111111111
330,1918,N,K,1,0.0,1,0.725925925925926
331,1925,R,G,1,0.0,1,0.0962962962962963
