,AA position,Original,Change,Label,CPVT/GnomAD,Functional Domain,Score
0,4,G,A,0,0.0,0,0.1150442477876106
1,47,C,R,1,0.0,0,0.6371681415929203
2,77,A,V,1,675.8967741935485,0,0.6017699115044248
3,80,E,G,1,0.0,0,0.6017699115044248
4,81,M,I,1,9430.40000000001,0,0.5929203539823009
5,115,Y,C,1,0.0,1,0.7610619469026548
6,164,P,S,1,674.7182795698939,1,0.7876106194690266
7,167,K,E,1,0.0,1,0.7787610619469026
8,168,Q,E,1,0.0,1,0.7876106194690266
9,169,R,G,1,9430.40000000001,1,0.7876106194690266
10,169,R,L,1,9430.40000000001,1,0.7876106194690266
11,169,R,Q,1,9430.40000000001,1,0.7876106194690266
13,172,G,R,1,0.0,1,0.7876106194690266
12,172,G,E,1,0.0,1,0.7876106194690266
14,176,R,L,1,9430.40000000001,1,0.7876106194690266
15,176,R,Q,1,9430.40000000001,1,0.7876106194690266
16,179,D,E,1,0.0,1,0.7876106194690266
17,189,E,D,1,9430.40000000001,1,0.7876106194690266
18,190,R,G,1,0.0,1,0.7876106194690266
19,226,G,E,1,0.0,1,0.079646017699115
20,235,R,K,1,0.0,1,0.7787610619469026
21,264,G,R,1,0.0,1,0.7699115044247787
22,285,S,I,1,0.0,1,0.7522123893805309
23,309,M,T,0,0.0,1,0.5221238938053098
24,356,Y,D,1,0.0,1,0.7610619469026548
26,357,G,S,1,337.86559132940624,1,0.7699115044247787
25,357,G,D,1,337.86559132940624,1,0.7699115044247787
27,379,V,M,0,0.0,1,0.5398230088495575
28,391,A,D,1,0.0,1,0.079646017699115
29,400,D,N,1,0.0,1,0.8141592920353983
30,400,D,A,1,0.0,1,0.8141592920353983
31,403,I,L,0,0.0,1,0.2035398230088495
32,415,T,I,1,29.91816833518748,0,0.8053097345132744
33,415,T,K,1,29.91816833518748,0,0.8053097345132744
34,415,T,A,0,29.91816833518748,0,0.8053097345132744
35,420,R,Q,1,5099.036982244212,0,0.8053097345132744
36,433,L,P,1,815.683265577875,0,0.7699115044247787
37,507,V,I,0,0.0,0,0.7256637168141593
38,549,A,V,1,2025.9612903225925,0,0.7699115044247787
39,616,S,L,1,9430.40000000001,1,0.8141592920353983
40,746,Q,H,1,0.0,1,0.7699115044247787
41,804,L,F,0,0.0,1,0.7610619469026548
42,877,H,P,0,0.0,0,0.7787610619469026
43,900,L,F,0,0.0,0,0.7699115044247787
44,1036,T,S,0,0.0,1,0.4247787610619469
45,1136,A,V,0,0.0,1,0.5929203539823009
46,1154,R,H,0,0.0,1,0.7345132743362832
47,1174,M,R,0,0.0,1,0.0707964601769911
48,1400,S,G,0,0.0,1,0.6106194690265486
49,1465,V,I,0,0.0,1,0.7433628318584071
50,1492,E,D,0,0.0,1,0.7256637168141593
51,1717,A,S,0,0.0,1,0.7610619469026548
52,1724,E,K,1,18860.80000000002,1,0.7699115044247787
53,1864,L,P,0,0.0,1,0.3982300884955752
54,1882,E,G,0,0.0,1,0.0619469026548672
55,1885,G,E,0,0.0,1,0.6283185840707964
56,1886,G,S,0,0.0,1,0.504424778761062
57,2016,S,T,0,0.0,1,0.5575221238938053
58,2019,G,E,0,0.0,1,0.6902654867256637
59,2031,S,F,0,0.0,1,0.6106194690265486
60,2138,E,K,1,0.0,1,0.079646017699115
61,2168,H,Q,1,18860.80000000002,1,0.7610619469026548
62,2200,L,F,1,0.0,1,0.7699115044247787
63,2201,C,Y,1,0.0,1,0.7522123893805309
64,2211,Q,P,1,0.0,1,0.7522123893805309
65,2216,D,H,1,671.8596774193558,1,0.7168141592920354
66,2216,D,G,1,671.8596774193558,1,0.7168141592920354
67,2217,H,Y,1,0.0,1,0.7522123893805309
68,2228,G,V,1,0.0,1,0.7433628318584071
69,2229,L,P,1,0.0,1,0.7522123893805309
70,2246,S,L,1,9430.40000000001,1,0.7610619469026548
71,2250,N,I,1,0.0,1,0.7522123893805309
72,2280,L,P,1,0.0,1,0.7876106194690266
73,2295,G,R,1,0.0,1,0.7787610619469026
74,2296,E,K,1,9430.40000000001,1,0.7876106194690266
75,2300,D,E,1,0.0,1,0.7787610619469026
76,2306,V,L,1,9430.40000000001,1,0.7787610619469026
77,2306,V,I,1,9430.40000000001,1,0.7787610619469026
78,2306,V,F,1,9430.40000000001,1,0.7787610619469026
79,2311,E,D,1,2687.3741935483904,1,0.7787610619469026
80,2314,E,K,1,0.0,1,0.079646017699115
81,2317,A,E,1,0.0,1,0.7787610619469026
82,2328,P,S,1,471.49935483871,1,0.7522123893805309
83,2328,P,A,1,471.49935483871,1,0.7522123893805309
84,2337,G,R,1,0.0,1,0.7699115044247787
85,2337,G,E,1,0.0,1,0.7699115044247787
86,2342,G,R,1,0.0,1,0.7699115044247787
87,2367,G,R,0,0.0,1,0.6460176991150443
88,2369,S,N,0,0.0,1,0.6460176991150443
89,2386,N,I,1,9430.40000000001,1,0.7256637168141593
90,2387,A,T,1,6285.324731182797,1,0.7610619469026548
91,2387,A,V,1,6285.324731182797,1,0.7610619469026548
92,2392,Y,C,1,1571.3354838709688,1,0.7876106194690266
93,2397,D,Y,1,0.0,1,0.7787610619469026
94,2401,R,H,1,429.6521708938751,1,0.7787610619469026
95,2401,R,L,1,429.6521708938751,1,0.7787610619469026
96,2405,E,K,1,0.0,1,0.7699115044247787
97,2419,I,S,1,0.0,1,0.7699115044247787
98,2419,I,T,1,0.0,1,0.7699115044247787
99,2462,P,L,1,0.0,1,0.7610619469026548
100,2474,R,S,1,0.0,1,0.7610619469026548
101,2475,V,A,1,9430.40000000001,1,0.7610619469026548
102,2527,L,W,1,0.0,1,0.7522123893805309
103,2542,A,T,0,0.0,1,0.7345132743362832
104,2642,R,K,0,0.0,1,0.7433628318584071
105,2722,N,D,0,0.0,1,0.6991150442477876
106,2735,D,A,0,0.0,1,0.5929203539823009
107,2949,G,S,0,0.0,1,0.2743362831858407
108,2950,K,R,0,0.0,1,0.7256637168141593
109,2958,Q,R,0,0.0,1,0.7345132743362832
110,2960,I,T,0,0.0,1,0.7168141592920354
111,3088,K,R,0,0.0,1,0.5663716814159292
112,3118,G,R,1,0.0,1,0.7433628318584071
113,3140,L,V,0,0.0,1,0.7256637168141593
114,3174,H,Q,0,0.0,1,0.0619469026548672
115,3187,K,R,0,0.0,1,0.5752212389380531
116,3230,Q,K,1,0.0,1,0.7168141592920354
117,3238,I,V,0,0.0,1,0.4778761061946903
118,3262,E,K,0,0.0,1,0.584070796460177
119,3283,I,N,1,0.0,1,0.7256637168141593
120,3308,N,S,0,0.0,1,0.5752212389380531
121,3360,T,A,0,0.0,1,0.6991150442477876
122,3461,M,V,0,0.0,1,0.0619469026548672
123,3539,D,N,0,0.0,0,0.2035398230088495
124,3734,R,C,1,0.0,1,0.7699115044247787
125,3815,E,G,1,0.0,1,0.7699115044247787
126,3860,T,I,1,0.0,1,0.7522123893805309
127,3861,Q,H,1,0.0,1,0.7433628318584071
128,3864,N,D,1,0.0,1,0.7433628318584071
129,3874,T,I,1,0.0,1,0.7433628318584071
132,3875,V,I,1,0.0,1,0.7433628318584071
131,3875,V,A,1,0.0,1,0.7433628318584071
130,3875,V,L,1,0.0,1,0.7433628318584071
133,3930,G,R,1,0.0,1,0.7522123893805309
134,3935,L,F,1,0.0,1,0.7433628318584071
135,3946,G,D,1,18860.80000000002,1,0.7522123893805309
136,3946,G,S,1,18860.80000000002,1,0.7522123893805309
137,3955,Q,H,1,0.0,1,0.7345132743362832
138,3955,Q,E,1,0.0,1,0.7345132743362832
139,3955,Q,K,1,0.0,1,0.7345132743362832
140,3972,M,V,1,0.0,1,0.7168141592920354
141,3978,M,I,1,0.0,1,0.7433628318584071
142,3987,E,K,1,0.0,1,0.7433628318584071
143,3987,E,Q,1,0.0,1,0.7433628318584071
144,3989,N,D,1,0.0,1,0.7522123893805309
145,3989,N,H,1,0.0,1,0.7522123893805309
146,3995,I,L,1,0.0,1,0.7433628318584071
147,3999,M,T,1,0.0,1,0.7345132743362832
148,3999,M,V,1,0.0,1,0.7345132743362832
149,3999,M,L,1,0.0,1,0.7345132743362832
150,4001,D,G,1,0.0,1,0.7522123893805309
151,4002,M,I,1,0.0,1,0.7256637168141593
152,4006,S,T,1,0.0,1,0.7433628318584071
153,4090,P,L,1,0.0,1,0.7433628318584071
154,4090,P,S,1,0.0,1,0.7433628318584071
155,4090,P,A,1,0.0,1,0.7433628318584071
156,4091,A,V,1,0.0,1,0.7345132743362832
157,4101,L,F,1,0.0,1,0.7345132743362832
158,4104,N,K,1,18860.80000000002,1,0.7345132743362832
159,4105,L,F,1,2027.6129032258132,1,0.7345132743362832
160,4108,H,Y,1,4055.3290322580738,1,0.7345132743362832
161,4109,M,V,1,0.0,1,0.7345132743362832
162,4112,D,N,1,0.0,1,0.7256637168141593
163,4124,S,R,1,18860.80000000002,1,0.0707964601769911
164,4149,Y,C,1,0.0,1,0.7345132743362832
165,4155,S,Y,1,0.0,1,0.7345132743362832
166,4157,R,Q,1,9430.40000000001,1,0.7168141592920354
167,4159,Q,K,1,9430.40000000001,1,0.7433628318584071
168,4159,Q,H,1,9430.40000000001,1,0.7433628318584071
169,4167,E,K,1,0.0,1,0.7699115044247787
170,4174,F,Y,1,0.0,1,0.7522123893805309
171,4178,N,S,1,28291.200000000037,1,0.7433628318584071
172,4180,G,V,1,0.0,1,0.7345132743362832
173,4182,E,Q,1,0.0,1,0.7433628318584071
174,4190,V,G,1,0.0,1,0.7433628318584071
175,4193,C,Y,1,0.0,1,0.7610619469026548
176,4195,D,N,1,0.0,1,0.7522123893805309
177,4196,T,I,1,9430.40000000001,1,0.7433628318584071
178,4197,I,L,1,0.0,1,0.7522123893805309
179,4201,Q,R,1,0.0,0,0.7433628318584071
180,4201,Q,H,1,0.0,0,0.7433628318584071
181,4216,A,V,0,0.0,0,0.5575221238938053
182,4267,Q,R,0,0.0,0,0.7256637168141593
183,4271,V,I,0,0.0,0,0.4336283185840708
184,4281,T,M,0,0.0,0,0.5132743362831859
185,4282,A,V,0,0.0,0,0.6460176991150443
186,4357,A,T,0,0.0,0,0.5663716814159292
187,4467,T,A,0,0.0,1,0.6106194690265486
188,4475,V,E,0,0.0,1,0.5752212389380531
189,4497,R,C,1,653.7797691187765,1,0.7522123893805309
190,4510,A,S,1,1526.896166817017,1,0.7256637168141593
191,4558,H,Y,0,0.0,1,0.6991150442477876
192,4579,H,Q,1,0.0,1,0.7610619469026548
193,4583,S,Y,1,0.0,1,0.7522123893805309
194,4600,F,L,1,0.0,1,0.7699115044247787
195,4612,F,L,1,0.0,1,0.7610619469026548
196,4635,I,N,1,0.0,1,0.7168141592920354
197,4653,V,F,1,865.3075268817208,1,0.6902654867256637
198,4674,K,E,1,0.0,1,0.0707964601769911
199,4701,I,V,0,0.0,1,0.6548672566371682
200,4725,Y,C,1,0.0,1,0.7610619469026548
201,4725,Y,N,1,0.0,1,0.7610619469026548
202,4742,H,Q,1,0.0,1,0.7522123893805309
203,4742,H,Y,1,0.0,1,0.7522123893805309
204,4745,D,G,1,0.0,1,0.7522123893805309
207,4751,K,E,1,0.0,1,0.7522123893805309
206,4751,K,Q,1,0.0,1,0.7522123893805309
205,4751,K,M,1,0.0,1,0.7522123893805309
208,4766,Q,P,1,0.0,1,0.7610619469026548
209,4771,V,F,1,829.7397883473227,1,0.7256637168141593
210,4771,V,I,1,829.7397883473227,1,0.7256637168141593
211,4772,G,S,1,0.0,1,0.7345132743362832
212,4781,Y,H,1,0.0,1,0.7433628318584071
213,4848,I,V,1,0.0,1,0.7787610619469026
214,4855,I,M,1,0.0,1,0.7610619469026548
215,4860,A,G,1,9430.40000000001,1,0.7699115044247787
216,4862,I,T,1,0.0,1,0.7699115044247787
217,4862,I,M,1,0.0,1,0.7699115044247787
218,4864,G,C,1,0.0,1,0.7433628318584071
219,4867,I,T,1,9430.40000000001,1,0.7522123893805309
220,4875,D,H,1,0.0,1,0.7522123893805309
221,4880,V,I,1,9430.40000000001,1,0.7433628318584071
222,4895,N,H,1,2027.2903225806556,1,0.0707964601769911
223,4902,P,S,1,18860.80000000002,1,0.7522123893805309
224,4904,G,S,1,0.0,1,0.7433628318584071
225,4909,T,I,1,0.0,1,0.7433628318584071
226,4913,H,Y,1,0.0,1,0.7433628318584071
227,4923,M,I,1,0.0,1,0.7168141592920354
228,4935,G,A,1,0.0,1,0.7168141592920354
229,4936,Q,R,1,0.0,1,0.7433628318584071
230,4949,W,R,1,0.0,1,0.7433628318584071
231,4950,E,G,1,9430.40000000001,1,0.7345132743362832
232,4954,A,G,1,0.0,1,0.7168141592920354
233,4955,G,E,1,0.0,1,0.7433628318584071
234,4959,R,Q,1,241.80225056264143,1,0.7345132743362832
235,4962,Y,C,1,0.0,1,0.7345132743362832
